,LM,Adam,Grad,SciPy
0,-0.3445267690795026,-1.0927956145038862,-1.094076730211831,-1.0941104775879236
1,-0.0974288071733977,-0.4363577512351924,-0.4363675239749714,-1.0941104775727706
2,-0.3705016153778782,-1.0940241355149285,-1.0940775330312198,-1.0941104775637964
3,-0.296022009298775,-1.0940016162917034,-1.094077570234451,-1.0941104775108914
4,-0.3179716860213576,-1.094105466377021,-1.09407727468319,-1.0941104775752044
5,-0.2736898104897184,-0.436366078522892,-0.4363408571769324,-0.4363740793362131
6,-0.29434211651326414,-1.0941060692206637,-1.094077453684921,-1.0941104775841344
